<?xml version="1.0" encoding="UTF-8"?>
<project-private xmlns="http://www.netbeans.org/ns/project-private/1">
    <editor-bookmarks xmlns="http://www.netbeans.org/ns/editor-bookmarks/2" lastBookmarkId="0"/>
    <open-files xmlns="http://www.netbeans.org/ns/projectui-open-files/2">
        <group>
            <file>file:/C:/Users/fiodofone/Documents/NetBeansProjects/ADO-1/src/ado/pkg1/Gravaçao.java</file>
            <file>file:/C:/Users/fiodofone/Documents/NetBeansProjects/ADO-1/src/ado/pkg1/Leitura.java</file>
            <file>file:/C:/Users/fiodofone/Documents/NetBeansProjects/ADO-1/src/ado/pkg1/Capturar.java</file>
        </group>
    </open-files>
</project-private>
